number_of_slugs,mean_slug_dry_mass
1,0.02976
1,0.06998
1,0.02901
1,0.02185
1,0.00519
1,0.14225